﻿Nombre;Descripci�n;Ataque;Defensa;Vida;Precio
Pistola;Puedes disparar a distancia.;10;0;0;500
Bate;Puedes golpear cuerpo a cuerpo.;5;0;0;250
Navaja;Puedes rajar cuerpo a cuerpo.;4;0;0;250
Puño Americano;Puedes golpear cuerpo a cuerpo.;4;0;0;250
Botella;Puedes apu�alar cuerpo a cuerpo.;3;0;0;150
Chaleco Antibalas;Aumenta tu defensa.;0;9;0;450
Ropa Gruesa;Aumenta tu defensa un poco.;0;4;0;200
Colgante;Aumenta tu vida.;0;0;9;450
Colgante Rojo;Aumenta tu vida.;0;0;10;500
Brazalete;Aumenta un poco tu vida.;0;0;6;300
Anillo;Aumenta muy poco tu vida.;0;0;3;150
Mapa;Te permite moverte por el pueblo;0;0;0;0
Contraseña;Te permite entrar al reservado del Pub;0;0;0;0
Llave;Te permite guardar partida;0;0;0;0
Nota;Te permite entrar en la puerta oculta de la Casa de la Colina;0;0;0;0
Mascarilla;Me pregunto para qué se utilizará;0;0;0;0
Lectura de manos;El Vidente te leyó la mano;0;0;0;0