<?xml version="1.0" encoding="UTF-8"?>
<project-private xmlns="http://www.netbeans.org/ns/project-private/1">
    <editor-bookmarks xmlns="http://www.netbeans.org/ns/editor-bookmarks/2" lastBookmarkId="0"/>
    <open-files xmlns="http://www.netbeans.org/ns/projectui-open-files/2">
<<<<<<< HEAD
        <group>
            <file>file:/C:/Users/glf19/OneDrive%20-%20Educacyl/Proyecto/LaMascaradaV1/src/Controlador/Controlador.java</file>
            <file>file:/C:/Users/glf19/OneDrive%20-%20Educacyl/Proyecto/LaMascaradaV1/src/Mascarada/Util.java</file>
            <file>file:/C:/Users/glf19/OneDrive%20-%20Educacyl/Proyecto/LaMascaradaV1/src/Modelo/GestorDeDatos.java</file>
            <file>file:/C:/Users/glf19/OneDrive%20-%20Educacyl/Proyecto/LaMascaradaV1/src/Ficheros/texto-escena.csv</file>
        </group>
=======
        <group/>
>>>>>>> 3c9c042acb82c86d6e7f7178acd4594ff4245703
    </open-files>
</project-private>
